query,overlap,tf_top_urls,fuzzy_top_urls
techfix,1,guides-cameras/шаблоооон.html | index.html | gaids/Podklyucheniye LED paneli k elektroseti skhema i bezopasnost.html | gaids/Ustanovka LED-paneli s pomoshch'yu trosov (podvesnoy variant).html | gaids/Kak zakrepit' LED-panel' na stene.html | laptops.html | gaids/Kak-utilizirovat-staryj-televizor.html | gaids/Kak-ustranit-effekt-mertvyh-pikselej-na-LED-paneli.html | gaids/Pochemu-LED-panel-treschit-pri-rabote.html | gaids/Kak-ustranit-zasvety-po-krayam-LED-paneli.html,"laptops.html | gaids/Potsarapali ekran pri neakkuratnoy ochistke (zhostkoy tkan'yu ili khimiyey).html | smartphones.html | consoles.html | gaids/Virusy v Smart TV (naprimer, iz-za komponentov prilozheniy).html | gaids/Uronili televizor pri perenoske ili ustanovke.html | gaids/Zavisaniye sistem (Android TV, Tizen, WebOS i dr.).html | tv.html | gaids/Remont T-Con platy.html | cameras.html"
советы,0,guides-cameras/street-photo.html | gaids/Vliyanie-LED-paneley-na-interer-sovety-dizaynerov.html | guides-cameras/hdr.html | guides-smartphones/best-health-monitoring-apps.html | guides-consoles/ii-assistenty-v-igrah.html | guides-smartphones/best-memory-cards-8k.html | guides-smartphones/best-antivirus-android.html | guides-smartphones/best-astronomy-apps.html | guides-smartphones/phone-thermal-camera.html | guides-large-appliances/remove-plastic-object-from-dishwasher-drum.html,"gaids/Zhivotnyye (koshki, sobaki) pogryzli provoda ili potsarapali ekran.html | guides-auto-electronics/ecall-troubleshooting.html | gaids/Ustanovka RGB-lenty v LED-panel'.html | consoles.html | gaids/Zavisaniye sistem (Android TV, Tizen, WebOS i dr.).html | guides-auto-electronics/auto-brake-settings.html | guides-auto-electronics/smart-home-car-scenarios.html | guides-large-appliances/appliance-sensor-compatibility-check-methods.html | guides-auto-electronics/ota-update-setup.html | guides-auto-electronics/parking-sensor-error-reset.html"
смартфоны,3,guides-cameras/шаблоооон.html | guides-smartphones/transparent-display-phones.html | guides-smartphones/5g-phones-2025.html | guides-smartphones/holographic-display-phones.html | guides-smartphones/ai-chips-future.html | guides-smartphones/eco-phones-2025.html | guides-smartphones/rare-smartphones-world.html | guides-smartphones/retro-trend-phones.html | index.html | guides-smartphones/best-budget-phones-2025.html,smartphones.html | guides-smartphones/5g-phones-2025.html | guides-smartphones/phone-drone-remote.html | guides-smartphones/phone-metal-detector.html | guides-large-appliances/kitchen-hood-bearing-lubrication-guide.html | guides-smartphones/phone-gps-tracker.html | guides-smartphones/modular-camera-phones.html | guides-smartphones/eco-phones-2025.html | guides-smartphones/phone-microscope.html | guides-smartphones/rare-smartphones-world.html
контакты,1,guides-smartphones/restore-deleted-contacts.html | guides-cameras/шаблоооон.html | guides-smartphones/charging-port-contacts-repair.html | guides-auto-electronics/sensor-contacts-cleaning.html | guides-auto-electronics/roof-sensor-error-fix.html | guides-auto-electronics/trunk-organizer-light-off-check.html | guides-large-appliances/samsung-jet-bot-ai-charging-issue.html | guides-cameras/Pochemu fotoapparat ne vidit ob'ektiv.html | guides-smartphones/transfer-data-iphone-android.html | guides-auto-electronics/trunk-sensor-error-fix.html,gaids/Remont T-Con platy.html | auto-electronics.html | guides-auto-electronics/eco-monitoring-settings.html | guides-auto-electronics/sensor-contacts-cleaning.html | guides-auto-electronics/humidity-control-errors.html | guides-auto-electronics/trunk-monitoring-modes.html | smartphones.html | guides-auto-electronics/audio-monitoring-modes.html | guides-large-appliances/ac-noisy-operation.html | guides-large-appliances/salt-container-leak-issue.html
фотоаппараты,0,guides-cameras/шаблоооон.html | index.html | gaids/Podklyucheniye LED paneli k elektroseti skhema i bezopasnost.html | gaids/Ustanovka LED-paneli s pomoshch'yu trosov (podvesnoy variant).html | gaids/Kak zakrepit' LED-panel' na stene.html | guides-cameras/hdr-processing.html | guides-cameras/dynamic-range.html | guides-cameras/lens-cleaning.html | guides-cameras/batch-processing.html | gaids/matrix-cleaning.html,cameras.html | guides-cameras/Kak zamenit displey fotoapparata.html | guides-cameras/Pochemu fotoapparat bystro razryazhaetsya.html | guides-cameras/Pochemu fotoapparat peregrevayetsya.html | guides-cameras/Kak zamenit' displey fotoapparata.html | guides-cameras/Kak snimat' sport na fotoapparat.html | guides-cameras/Kak pravilno khranit fotoapparat.html | guides-cameras/Kak snimat' zvezdy na fotoapparat.html | guides-cameras/Kak snimat timelaps na fotoapparat.html | guides-cameras/Kak nastroit' fotoapparat dlya.html
техника,0,guides-cameras/шаблоооон.html | index.html | gaids/Podklyucheniye LED paneli k elektroseti skhema i bezopasnost.html | gaids/Ustanovka LED-paneli s pomoshch'yu trosov (podvesnoy variant).html | gaids/Kak zakrepit' LED-panel' na stene.html | guides-cameras/hdr-processing.html | laptops.html | guides-cameras/Chto delat esli fotoapparat upal v vodu.html | guides-large-appliances/heater-element-cleaning-troubleshooting.html | gaids/Kak rasshifrovat' markirovku LED-paneli.html,gaids/Tiho igraet TV.html | guides-large-appliances/salt-container-leak-issue.html | articles.html | small-appliances.html | large-appliances.html | guides-large-appliances/coffee-machine-filter-replacement.html | gaids/Remont IK-priyemnika (ne reagiruyet na pul't).html | guides-large-appliances/water-heater-leaking-from-bottom.html | auto-electronics.html | gaids/Remont razyema pitaniya (payka).html
главная,0,guides-cameras/шаблоооон.html | gaids/Podklyucheniye LED paneli k elektroseti skhema i bezopasnost.html | gaids/Ustanovka LED-paneli s pomoshch'yu trosov (podvesnoy variant).html | gaids/Kak zakrepit' LED-panel' na stene.html | gaids/Kak-utilizirovat-staryj-televizor.html | gaids/Problemy s energosberegayushchim rezhimom.html | gaids/Kak-ustranit-effekt-mertvyh-pikselej-na-LED-paneli.html | gaids/Pochemu-LED-panel-treschit-pri-rabote.html | gaids/Kak-ustranit-zasvety-po-krayam-LED-paneli.html | gaids/Potsarapali ekran pri neakkuratnoy ochistke (zhostkoy tkan'yu ili khimiyey).html,"guides-large-appliances/electronic-board-alternative-compatibility-guide.html | guides-large-appliances/temporary-dishwasher-drain-setup.html | gaids/Zashchita-LED-paneley-ot-skachkov-napryazheniya.html | gaids/Ne rabotayet golosovoye upravleniye.html | gaids/LED-panel-v-kachestve-ekrana-dlya-proektora.html | gaids/Problemy s golosovym upravleniyem (Google Assistant, Alexa).html | gaids/Problemy s avtomaticheskoy nastroykoy yarkosti.html | guides-cameras/Pochemu blendа dlya ob'ektiva vazhna.html | guides-large-appliances/washing-machine-frost-protection-tips.html | gaids/Otkaz vstroyennogo kulera (yesli yest' aktivnoye okhlazhdeniye).html"
ноутбуки,1,guides-cameras/шаблоооон.html | index.html | laptops.html | gaids/Podklyucheniye LED paneli k elektroseti skhema i bezopasnost.html | gaids/Ustanovka LED-paneli s pomoshch'yu trosov (podvesnoy variant).html | gaids/Kak zakrepit' LED-panel' na stene.html | gaids/Problemy s podklyucheniyem k monitoru cherez DisplayPort.html | gaids/Kak-utilizirovat-staryj-televizor.html | gaids/Problemy s energosberegayushchim rezhimom.html | gaids/Kak-ustranit-effekt-mertvyh-pikselej-na-LED-paneli.html,"laptops.html | gaids/Ne rabotayet pult DU (seli batareyki, sloman IK-priyomnik).html | gaids/Ispol'zovaniye proyektora s noutbukom.html | consoles.html | auto-electronics.html | gaids/Zamena lampy proyektora svoimi rukami.html | gaids/Zamena podsvetki (LED ili Edge-lit).html | articles.html | guides-large-appliances/no-frost-defrost-sensor-replacement.html | guides-large-appliances/air-conditioner-power-consumption-check-methods.html"
используйте,1,"gaids/Dym ot sigarety ili kukhni osedayet na ekrane i vnutri televizora.html | gaids/Osedaniye bol'shogo kolichestva pyli na platakh.html | gaids/Na ekrane popali bryzgi ot napitkov (chay, kofe, gazirovka).html | gaids/Nastroyka proyektora dlya domashnego kinoteatra.html | gaids/Oshibki pri vosproizvedenii video s USB.html | gaids/Ne rabotayet AirPlay ili Miracast.html | gaids/Kak nastroit' proyektor dlya 3D-meppinga.html | gaids/Kak pravil'no ustanovit' proyektor rasstoyaniye ugol.html | gaids/Zasoreniye ventilyatsionnykh otverstiy pyl'yu.html | gaids/Ispol'zovaniye proyektora na ulitse (zashchita ot vlagi i pyli).html","gaids/Ispol'zovaniye proyektora na ulitse (zashchita ot vlagi i pyli).html | gaids/Mozhno li ispol'zovat' svetodiodnyye paneli na ulitse.html | gaids/Ispol'zovaniye proyektora s noutbukom.html | gaids/Ispol'zovaniye LED-paneley s datchikami dvizheniya.html | guides-large-appliances/ceiling-range-hood-motor-replacement.html | guides-cameras/Ispolzovanie muzyki v slayd-shou.html | gaids/Kak khranit' proyektor, yesli ne ispol'zuyetsya.html | gaids/Optimal'nyye usloviya ekspluatatsii proyektora.html | gaids/Kak-ispolzovat-LED-panel-dlya-fotosemki.html | gaids/Ispol'zovaniye proyektora s saundbarom.html"
телевизоры,0,"guides-cameras/шаблоооон.html | index.html | gaids/Kak-utilizirovat-staryj-televizor.html | gaids/Podklyucheniye LED paneli k elektroseti skhema i bezopasnost.html | gaids/Ustanovka LED-paneli s pomoshch'yu trosov (podvesnoy variant).html | gaids/Kak zakrepit' LED-panel' na stene.html | gaids/Televizor potreblyayet slishkom mnogo energii.html | gaids/Televizor ne podderzhivayet novyy format video (naprimer, AV1).html | gaids/Nesovmestimost' razresheniya TV pristavki kak vystavit' 720p 1080p.html | gaids/teper' na temu Kak pochistit' televizor ot pyli vnutri.html","gaids/Uronili televizor pri perenoske ili ustanovke.html | tv.html | gaids/Kondensat v televizore iz-za rezkogo perepada temperatury.html | gaids/Popali myachom, igrushkoy ili drugim predmetom.html | gaids/Kondensat v televizore iz-za povyshennoy vlazhnosti v pomeshchenii.html | gaids/Televizor izdayet strannyye zvuki (zhuzhzheniye, uchenyye) Hayer S8000.html | gaids/Greyetsya televizor Xiaomi Q2.html | gaids/Televizor ne vidit Wi-Fi set' Haier S8000.html | gaids/teper' na temu Televizor vyklyuchayetsya pri peregreve.html | gaids/Televizor ne vklyuchayetsya posle grozy.html"
приставки,3,gaids/Nesovmestimost' razresheniya TV pristavki kak vystavit' 720p 1080p.html | gaids/Nesovmestimost' pristavki s chastotoy 5 GGts.html | gaids/Net signala na televizore ot TV-pristavki Android TV Box.html | gaids/Sleteli nastroyki kanalov TV-pristavki.html | gaids/Neispravnost' HDMI-kabelya TV-pristavki MAG.html | gaids/Plokhoy kontaktnyy kabel' TV-pristavki Android TV Box.html | gaids/Pristavka zavisayet ili perezagruzhayetsya iz-za peregreva.html | gaids/TV-pristavka ne podklyuchayetsya k Wi-Fi.html | gaids/Nepravil'nyye nastroyki masshtabirovaniya na TV ili pristavke.html | index.html,"consoles.html | gaids/Pristavka DVB-T2 ne nakhodit kanaly.html | gaids/Televizor izdayet strannyye zvuki (zhuzhzheniye, uchenyye) Hayer S8000.html | guides-large-appliances/convection-fan-cleaning-instruction.html | gaids/Problemy s avtootklyucheniyem (taymer sna).html | gaids/Sleteli nastroyki kanalov TV-pristavki.html | gaids/Nesovmestimost' razresheniya TV pristavki kak vystavit' 720p 1080p.html | guides-large-appliances/appliance-sensor-compatibility-check-methods.html | gaids/Pristavka DVB-T2 ne podklyuchayetsya k Wi-Fi.html | gaids/Nesovmestimost' pristavki s chastotoy 5 GGts.html"
авто,0,guides-auto-electronics/smart-home-car-scenarios.html | guides-smartphones/phone-gps-tracker.html | guides-auto-electronics/video-surveillance-settings.html | guides-auto-electronics/comfort-profiles.html | guides-auto-electronics/rear-view-camera-connection.html | guides-auto-electronics/gadget-integration.html | guides-auto-electronics/event-logs-reading.html | guides-auto-electronics/night-vision-integration.html | guides-auto-electronics/ecu-reflash.html | guides-smartphones/best-car-holders.html,"auto-electronics.html | gaids/Kondensat v televizore iz-za rezkogo perepada temperatury.html | gaids/Kondensat v televizore iz-za povyshennoy vlazhnosti v pomeshchenii.html | gaids/Popali myachom, igrushkoy ili drugim predmetom.html | guides-large-appliances/convection-fan-cleaning-instruction.html | gaids/Problemy s avtootklyucheniyem (taymer sna).html | guides-large-appliances/appliance-sensor-compatibility-check-methods.html | guides-large-appliances/water-heater-trips-rccb-issue.html | gaids/Zamena podsvetki (LED ili Edge-lit).html | gaids/Kalibrovka tsvetov proyektora.html"
электроника,2,"guides-cameras/шаблоооон.html | guides-auto-electronics/starter-electronics.html | gaids/Gde-kupit-zapchasti-dlya-remonta-LED-paneley.html | index.html | gaids/Podklyucheniye LED paneli k elektroseti skhema i bezopasnost.html | gaids/Ustanovka LED-paneli s pomoshch'yu trosov (podvesnoy variant).html | gaids/Kak zakrepit' LED-panel' na stene.html | gaids/Kak khranit' proyektor, yesli ne ispol'zuyetsya.html | gaids/Optimal'nyye usloviya ekspluatatsii proyektora.html | laptops.html",auto-electronics.html | index.html | guides-auto-electronics/electronics-noise-fix.html | guides-large-appliances/gas-hob-electronic-ignition-spark-issue.html | guides-auto-electronics/fuel-injection-systems.html | gaids/Potreblenie-elektroenergii-LED-panelyami.html | guides-auto-electronics/starter-electronics.html | gaids/Kak podklyuchit' proyektor k kolonkam.html | guides-auto-electronics/heating-systems.html | guides-auto-electronics/brake-control-systems.html
бытовая,0,guides-cameras/шаблоооон.html | guides-large-appliances/remove-plastic-object-from-dishwasher-drum.html | index.html | gaids/Podklyucheniye LED paneli k elektroseti skhema i bezopasnost.html | gaids/Ustanovka LED-paneli s pomoshch'yu trosov (podvesnoy variant).html | gaids/Kak zakrepit' LED-panel' na stene.html | laptops.html | gaids/Kak rasshifrovat' markirovku LED-paneli.html | guides-auto-electronics/remote-tegration.html | guides-auto-electronics/remote-control-integration.html,"gaids/Problemy s 4K-proyektorami.html | guides-large-appliances/dry-heater-element-burns-out-fast.html | guides-large-appliances/steam-oven-error-f22-reset.html | gaids/Problemy s lampoy proyektora (peregoraniye, miganiye).html | gaids/Kalibrovka tsvetov proyektora.html | gaids/Ne rabotayet podsvetka (QLED).html | gaids/Ne rabotayet knopka vklyucheniya na televizore.html | guides-auto-electronics/engine-sensor-scenarios.html | gaids/Problemy s avtopovorotom izobrazheniya.html | guides-auto-electronics/pressure-sensor-settings.html"
проверьте,0,"gaids/Net zvuka v televizoreQN90C.html | gaids/Net zvuka Haier S8000.html | gaids/Net zvuka cherez opticheskiy vykhod.html | gaids/Zvuk propadayet i poyavlyayetsya Haier S8000.html | gaids/Haier Smart TV S8000Net izobrazheniya, no yest' zvuk.html | gaids/Polosy na ekrane Haier S8000.html | gaids/Ekran temnyy, no podsvetka rabotayet Haier S8000.html | gaids/Otsutstviye zvuka v televizore cherez naushniki cherez Bluetooth ili raz yem 3.5 mm.html | gaids/Iskazhennyye tsveta Haier S8000.html | gaids/Mertsaniye ekrana Haier S8000.html",guides-large-appliances/appliance-sensor-compatibility-check-methods.html | guides-large-appliances/water-heater-leaking-from-bottom.html | guides-cameras/Kak proverit' rezkost' ob'ektiva.html | guides-large-appliances/cooking-hob-gas-leak-test.html | consoles.html | gaids/Proverka drayvera LED-paneli mul'timetrom.html | gaids/Problemy s HDR na proyektore.html | guides-auto-electronics/steering-heating-check.html | guides-large-appliances/air-conditioner-power-consumption-check-methods.html | gaids/Kak proverit' kondensatory v LED-paneli.html
года,0,guides-cameras/шаблоооон.html | gaids/Reyting luchshikh proizvoditeley LED-paneley.html | guides-cameras/Razvitie fotograficheskogo zreniya.html | guides-smartphones/sue-manufacturer.html | guides-smartphones/eco-phones-2025.html | guides-smartphones/customs-rules-phones.html | guides-cameras/Tamozhennye pravila dlya fotooborudovaniya.html | guides-consoles/indie-hits-switch-2025.html | guides-consoles/geforce-now-on-switch.html | guides-consoles/Luchshie eksklyuzivy PS5 v 2025.html,"consoles.html | guides-large-appliances/magnesium-anode-descaling-procedure.html | gaids/Proyektory dlya biznesa (konferents-zaly, vystavki).html | gaids/Tiho igraet TV.html | gaids/Remont lazernogo modulya proyektora.html | gaids/Kondensat v televizore iz-za rezkogo perepada temperatury.html | gaids/Kondensat v televizore iz-za povyshennoy vlazhnosti v pomeshchenii.html | gaids/Explanations/capacitors.html | guides-auto-electronics/smart-home-car-scenarios.html | guides-large-appliances/kitchen-hood-airduct-vibration-issue.html"
instagram,0,guides-cameras/шаблоооон.html | guides-cameras/Vliyanie sotssetey na stil syemki.html | guides-cameras/Pryamye prodazhi cherez sotsialnye seti.html | guides-cameras/Kak zarabatyvat na fotografii.html | index.html | gaids/Podklyucheniye LED paneli k elektroseti skhema i bezopasnost.html | gaids/Ustanovka LED-paneli s pomoshch'yu trosov (podvesnoy variant).html | gaids/Kak zakrepit' LED-panel' na stene.html | laptops.html | gaids/Kak rasshifrovat' markirovku LED-paneli.html,gaids/Ne rabotayet SmartThings.html | gaids/net zvuka Problemy s nastroykoy audio (PCM Bitstream).html | gaids/Problemy s Miracast i AirPlay.html | gaids/Problemy s Magic Remote (nepravil'naya rabota kursora).html | guides-cameras/VR-fotografiya s Insta360 Pro 2.html | gaids/Kak nastroit' Perfect Natural Motion.html | guides-consoles/Emulyatsiya Nintendo DS na Steam Deck.html | guides-smartphones/xbox-elite2-mobile-setup.html | guides-cameras/Fujifilm Instax Mini Evo hybrid-tekhnologii v 2025.html | guides-smartphones/telegram-bot-android.html
мелкая,0,guides-cameras/шаблоооон.html | index.html | gaids/Svetodiodnaya-panel-dlya-podsvetki-zerkala.html | gaids/Podklyucheniye LED paneli k elektroseti skhema i bezopasnost.html | gaids/Ustanovka LED-paneli s pomoshch'yu trosov (podvesnoy variant).html | gaids/Kak zakrepit' LED-panel' na stene.html | gaids/Kak-sdelat-LED-panel-dlya-rasteniy-fitolampu.html | guides-cameras/Kak ubrat' pyl' iz ob'ektiva.html | laptops.html | gaids/Kak rasshifrovat' markirovku LED-paneli.html,guides-large-appliances/coffee-machine-filter-replacement.html | gaids/Medlennaya rabota Smart TV (tormozit interfeys).html | guides-large-appliances/water-heater-trips-rccb-issue.html | guides-large-appliances/salt-container-leak-issue.html | gaids/Ispol'zovaniye neoriginal'nogo bloka pitaniya.html | guides-large-appliances/stove-top-shutdown-issue.html | gaids/Pochemu-LED-panel-vklyuchaetsya-ne-srazu.html | guides-large-appliances/kitchen-hood-filter-replacement.html | guides-large-appliances/refrigerator-bubbling-noise.html | gaids/Remont bloka pitaniya.html
права,0,guides-smartphones/photo-copyright.html | guides-cameras/Avtorskie prava na foto v epokhu AI.html | guides-smartphones/consumer-rights-repair.html | guides-cameras/шаблоооон.html | guides-auto-electronics/remote-control-error-fix.html | gaids/Kanaly ne zagruzhayutsya Oshibka 403 Net pleylista.html | guides-smartphones/remove-viruses-android.html | guides-consoles/Oshibka 0x80070005 na Xbox reshenie.html | guides-cameras/GDPR i street-fotografiya.html | guides-cameras/Litsenzirovanie kommercheskoy syemki.html,gaids/Potsarapali ekran pri neakkuratnoy ochistke (zhostkoy tkan'yu ili khimiyey).html | consoles.html | cameras.html | guides-cameras/Pochemu vspyshka ne srabatyvaet.html | gaids/Problemy s avtofokusom.html | guides-large-appliances/water-heater-leak-fix.html | guides-large-appliances/r32-split-system-refill-instruction.html | guides-large-appliances/ac-poor-cooling-in-heat.html | gaids/Tiho igraet TV.html | guides-cameras/Pochemu fotoapparat peregrevayetsya.html
гайды,0,guides-cameras/шаблоооон.html | index.html | guides-smartphones/sue-manufacturer.html | guides-smartphones/used-phone-sale.html | guides-smartphones/customs-rules-phones.html | guides-smartphones/photo-copyright.html | gaids/Problemy s energosberegayushchim rezhimom.html | gaids/Podklyucheniye LED paneli k elektroseti skhema i bezopasnost.html | gaids/Ustanovka LED-paneli s pomoshch'yu trosov (podvesnoy variant).html | gaids/Kak zakrepit' LED-panel' na stene.html,guides-large-appliances/used-motor-for-rare-appliance-model.html | guides-auto-electronics/ecall-troubleshooting.html | guides-smartphones/best-selfie-sticks-2025.html | guides-auto-electronics/steering-adjustment-errors.html | guides-auto-electronics/custom-headlight-modes.html | guides-auto-electronics/spark-plug-replacement.html | guides-large-appliances/non-original-heater-element-fast-failure-issue.html | guides-large-appliances/dishwasher-not-removing-oil.html | guides-auto-electronics/humidity-control-errors.html | guides-large-appliances/dishwasher-drying-element-replacement.html
techfix советы,2,guides-cameras/шаблоооон.html | index.html | gaids/Podklyucheniye LED paneli k elektroseti skhema i bezopasnost.html | gaids/Ustanovka LED-paneli s pomoshch'yu trosov (podvesnoy variant).html | gaids/Kak zakrepit' LED-panel' na stene.html | laptops.html | guides-cameras/street-photo.html | gaids/Kak-ustranit-effekt-mertvyh-pikselej-na-LED-paneli.html | guides-cameras/hdr.html | gaids/Pochemu-LED-panel-treschit-pri-rabote.html,"articles.html | index.html | laptops.html | gaids/Potsarapali ekran pri neakkuratnoy ochistke (zhostkoy tkan'yu ili khimiyey).html | gaids/Uronili televizor pri perenoske ili ustanovke.html | smartphones.html | consoles.html | gaids/Virusy v Smart TV (naprimer, iz-za komponentov prilozheniy).html | gaids/Zavisaniye sistem (Android TV, Tizen, WebOS i dr.).html | tv.html"
techfix смартфоны,2,guides-cameras/шаблоооон.html | index.html | gaids/Podklyucheniye LED paneli k elektroseti skhema i bezopasnost.html | gaids/Ustanovka LED-paneli s pomoshch'yu trosov (podvesnoy variant).html | gaids/Kak zakrepit' LED-panel' na stene.html | laptops.html | gaids/Kak-utilizirovat-staryj-televizor.html | gaids/Kak-ustranit-effekt-mertvyh-pikselej-na-LED-paneli.html | gaids/Pochemu-LED-panel-treschit-pri-rabote.html | gaids/Kak-ustranit-zasvety-po-krayam-LED-paneli.html,smartphones.html | index.html | articles.html | laptops.html | guides-smartphones/5g-phones-2025.html | gaids/Potsarapali ekran pri neakkuratnoy ochistke (zhostkoy tkan'yu ili khimiyey).html | guides-smartphones/tails-os-smartphone.html | gaids/Uronili televizor pri perenoske ili ustanovke.html | consoles.html | guides-smartphones/eco-phones-2025.html
techfix контакты,2,guides-cameras/шаблоооон.html | index.html | gaids/Podklyucheniye LED paneli k elektroseti skhema i bezopasnost.html | gaids/Ustanovka LED-paneli s pomoshch'yu trosov (podvesnoy variant).html | gaids/Kak zakrepit' LED-panel' na stene.html | laptops.html | gaids/Pochemu-LED-panel-migaet-pri-vklyuchenii.html | gaids/Kak-utilizirovat-staryj-televizor.html | gaids/Kak-ustranit-effekt-mertvyh-pikselej-na-LED-paneli.html | gaids/Pochemu-LED-panel-treschit-pri-rabote.html,"index.html | laptops.html | gaids/Potsarapali ekran pri neakkuratnoy ochistke (zhostkoy tkan'yu ili khimiyey).html | gaids/Virusy v Smart TV (naprimer, iz-za komponentov prilozheniy).html | gaids/Uronili televizor pri perenoske ili ustanovke.html | smartphones.html | consoles.html | gaids/Zavisaniye sistem (Android TV, Tizen, WebOS i dr.).html | gaids/Remont T-Con platy.html | tv.html"
techfix фотоаппараты,1,guides-cameras/шаблоооон.html | index.html | gaids/Podklyucheniye LED paneli k elektroseti skhema i bezopasnost.html | gaids/Ustanovka LED-paneli s pomoshch'yu trosov (podvesnoy variant).html | gaids/Kak zakrepit' LED-panel' na stene.html | laptops.html | gaids/Kak-utilizirovat-staryj-televizor.html | gaids/Kak-ustranit-effekt-mertvyh-pikselej-na-LED-paneli.html | gaids/Pochemu-LED-panel-treschit-pri-rabote.html | gaids/Kak-ustranit-zasvety-po-krayam-LED-paneli.html,cameras.html | index.html | guides-cameras/Kak zamenit displey fotoapparata.html | guides-cameras/Pochemu fotoapparat bystro razryazhaetsya.html | guides-cameras/Pochemu fotoapparat peregrevayetsya.html | guides-cameras/Kak zamenit' displey fotoapparata.html | guides-cameras/Kak snimat' sport na fotoapparat.html | guides-cameras/Kak pravilno khranit fotoapparat.html | guides-cameras/Kak snimat' zvezdy na fotoapparat.html | guides-cameras/Kak snimat timelaps na fotoapparat.html
techfix техника,2,guides-cameras/шаблоооон.html | index.html | gaids/Podklyucheniye LED paneli k elektroseti skhema i bezopasnost.html | gaids/Ustanovka LED-paneli s pomoshch'yu trosov (podvesnoy variant).html | gaids/Kak zakrepit' LED-panel' na stene.html | laptops.html | gaids/Kak-utilizirovat-staryj-televizor.html | gaids/Kak-ustranit-effekt-mertvyh-pikselej-na-LED-paneli.html | gaids/Pochemu-LED-panel-treschit-pri-rabote.html | gaids/Kak-ustranit-zasvety-po-krayam-LED-paneli.html,"index.html | articles.html | smartphones.html | laptops.html | gaids/Potsarapali ekran pri neakkuratnoy ochistke (zhostkoy tkan'yu ili khimiyey).html | gaids/Zavisaniye sistem (Android TV, Tizen, WebOS i dr.).html | gaids/Virusy v Smart TV (naprimer, iz-za komponentov prilozheniy).html | consoles.html | gaids/Uronili televizor pri perenoske ili ustanovke.html | gaids/Remont T-Con platy.html"
советы смартфоны,1,guides-cameras/шаблоооон.html | guides-smartphones/transparent-display-phones.html | guides-cameras/street-photo.html | guides-smartphones/5g-phones-2025.html | guides-cameras/hdr.html | gaids/Vliyanie-LED-paneley-na-interer-sovety-dizaynerov.html | guides-smartphones/holographic-display-phones.html | guides-smartphones/retro-trend-phones.html | guides-smartphones/ai-chips-future.html | guides-smartphones/eco-phones-2025.html,smartphones.html | guides-smartphones/5g-phones-2025.html | guides-smartphones/tails-os-smartphone.html | guides-smartphones/hide-ip-address.html | guides-smartphones/phone-as-server.html | guides-auto-electronics/start-stop-check.html | guides-smartphones/data-recovery-dead-phone.html | guides-smartphones/encrypt-files-on-smartphone.html | guides-smartphones/restore-deleted-contacts.html | guides-smartphones/check-phone-authenticity.html
советы контакты,2,guides-smartphones/restore-deleted-contacts.html | guides-cameras/шаблоооон.html | guides-smartphones/charging-port-contacts-repair.html | guides-cameras/street-photo.html | guides-auto-electronics/sensor-contacts-cleaning.html | guides-cameras/hdr.html | gaids/Vliyanie-LED-paneley-na-interer-sovety-dizaynerov.html | guides-auto-electronics/roof-sensor-error-fix.html | guides-auto-electronics/trunk-organizer-light-off-check.html | guides-large-appliances/samsung-jet-bot-ai-charging-issue.html,guides-auto-electronics/eco-monitoring-settings.html | guides-smartphones/restore-deleted-contacts.html | guides-smartphones/hardware-security-keys.html | guides-large-appliances/ac-noisy-operation.html | gaids/Remont povrezhdennykh kontaktov v LED-paneli.html | guides-large-appliances/convection-fan-cleaning-instruction.html | guides-auto-electronics/sensor-contacts-cleaning.html | guides-auto-electronics/trunk-monitoring-modes.html | guides-large-appliances/salt-container-leak-issue.html | guides-cameras/Kak proverit' rezkost' ob'ektiva.html
советы фотоаппараты,0,guides-cameras/шаблоооон.html | guides-cameras/street-photo.html | guides-cameras/hdr.html | gaids/Vliyanie-LED-paneley-na-interer-sovety-dizaynerov.html | guides-large-appliances/remove-plastic-object-from-dishwasher-drum.html | guides-smartphones/best-health-monitoring-apps.html | guides-cameras/hdr-processing.html | gaids/Mozhno li podklyuchat' LED-panel' cherez dimmer.html | gaids/Kak nastroit' roditel'skiy kontrol'.html | guides-smartphones/phone-thermal-camera.html,cameras.html | guides-cameras/Kak snimat' zvezdy na fotoapparat.html | guides-cameras/Kak zamenit' displey fotoapparata.html | guides-cameras/Kak snimat' sport na fotoapparat.html | guides-cameras/Kak snimat timelaps na fotoapparat.html | guides-cameras/Kak snimat' portrety s boke na fotoapparat.html | guides-cameras/Pochemu fotoapparat ne snimaet v RAW.html | guides-cameras/brands.html | guides-cameras/Kak zamenit displey fotoapparata.html | guides-cameras/Pochemu fotoapparat peregrevayetsya.html
советы техника,1,guides-cameras/шаблоооон.html | guides-cameras/street-photo.html | guides-cameras/hdr.html | gaids/Vliyanie-LED-paneley-na-interer-sovety-dizaynerov.html | index.html | guides-large-appliances/remove-plastic-object-from-dishwasher-drum.html | guides-smartphones/best-health-monitoring-apps.html | guides-cameras/hdr-processing.html | guides-large-appliances/heater-element-cleaning-troubleshooting.html | gaids/Mozhno li podklyuchat' LED-panel' cherez dimmer.html,articles.html | guides-cameras/macro-guide.html | guides-large-appliances/air-conditioner-power-consumption-check-methods.html | guides-large-appliances/appliance-sensor-compatibility-check-methods.html | guides-large-appliances/water-heater-leaking-from-bottom.html | guides-cameras/hdr-processing.html | guides-large-appliances/range-hood-light-flicker-issue.html | small-appliances.html | gaids/Zamena podsvetki (LED ili Edge-lit).html | large-appliances.html
советы главная,0,guides-cameras/street-photo.html | guides-cameras/hdr.html | gaids/Vliyanie-LED-paneley-na-interer-sovety-dizaynerov.html | guides-cameras/шаблоооон.html | guides-smartphones/best-health-monitoring-apps.html | guides-large-appliances/remove-plastic-object-from-dishwasher-drum.html | gaids/Mozhno li podklyuchat' LED-panel' cherez dimmer.html | gaids/Kak nastroit' roditel'skiy kontrol'.html | guides-smartphones/phone-thermal-camera.html | gaids/Kak-ustranit-effekt-mertvyh-pikselej-na-LED-paneli.html,"guides-auto-electronics/ecall-troubleshooting.html | guides-auto-electronics/ota-update-setup.html | guides-auto-electronics/parking-sensor-error-reset.html | guides-auto-electronics/parking-assist-modes.html | guides-large-appliances/appliance-sensor-compatibility-check-methods.html | guides-auto-electronics/pedal-lighting-settings.html | guides-auto-electronics/door-sill-lighting-settings.html | gaids/Proyektory dlya biznesa (konferents-zaly, vystavki).html | guides-large-appliances/refrigerant-pressure-check-without-manometer.html | guides-auto-electronics/auto-door-closer-issues.html"
смартфоны контакты,2,guides-cameras/шаблоооон.html | guides-smartphones/restore-deleted-contacts.html | guides-smartphones/charging-port-contacts-repair.html | index.html | guides-smartphones/transparent-display-phones.html | guides-smartphones/5g-phones-2025.html | guides-auto-electronics/sensor-contacts-cleaning.html | gaids/Pochemu-LED-panel-migaet-pri-vklyuchenii.html | gaids/Podklyucheniye LED paneli k elektroseti skhema i bezopasnost.html | guides-smartphones/holographic-display-phones.html,guides-smartphones/phone-metal-detector.html | guides-smartphones/phone-drone-remote.html | guides-smartphones/phone-gps-tracker.html | guides-smartphones/restore-deleted-contacts.html | smartphones.html | guides-smartphones/5g-phones-2025.html | guides-smartphones/phone-as-server.html | guides-smartphones/modular-camera-phones.html | guides-smartphones/eco-phones-2025.html | guides-smartphones/phone-as-monitor.html
смартфоны фотоаппараты,0,guides-cameras/шаблоооон.html | index.html | guides-smartphones/transparent-display-phones.html | guides-smartphones/5g-phones-2025.html | gaids/Podklyucheniye LED paneli k elektroseti skhema i bezopasnost.html | guides-smartphones/holographic-display-phones.html | gaids/Ustanovka LED-paneli s pomoshch'yu trosov (podvesnoy variant).html | gaids/Kak zakrepit' LED-panel' na stene.html | guides-smartphones/ai-chips-future.html | guides-smartphones/best-budget-phones-2025.html,cameras.html | guides-cameras/Kak snimat' sport na fotoapparat.html | guides-cameras/Kak snimat timelaps na fotoapparat.html | guides-cameras/Kak snimat' zvezdy na fotoapparat.html | guides-cameras/Kak snimat cherez mikroskop na fotoapparat.html | guides-cameras/Kak snimat' portrety s boke na fotoapparat.html | guides-smartphones/phone-metal-detector.html | guides-cameras/Kak pravilno khranit fotoapparat.html | guides-cameras/Kak vybrat' shtativ pod fotoapparat.html | guides-cameras/Kak snimat 360 panoramy na fotoapparat.html
смартфоны техника,2,guides-cameras/шаблоооон.html | index.html | guides-smartphones/transparent-display-phones.html | guides-smartphones/5g-phones-2025.html | gaids/Podklyucheniye LED paneli k elektroseti skhema i bezopasnost.html | guides-smartphones/holographic-display-phones.html | guides-smartphones/ai-chips-future.html | gaids/Ustanovka LED-paneli s pomoshch'yu trosov (podvesnoy variant).html | gaids/Kak zakrepit' LED-panel' na stene.html | guides-smartphones/eco-phones-2025.html,smartphones.html | guides-smartphones/phone-metal-detector.html | guides-smartphones/modular-camera-phones.html | small-appliances.html | large-appliances.html | guides-smartphones/eco-phones-2025.html | guides-cameras/macro-guide.html | auto-electronics.html | guides-large-appliances/refrigerator-door-seal-alternative-options.html | guides-smartphones/5g-phones-2025.html
смартфоны главная,4,guides-cameras/шаблоооон.html | guides-smartphones/transparent-display-phones.html | guides-smartphones/5g-phones-2025.html | index.html | gaids/Podklyucheniye LED paneli k elektroseti skhema i bezopasnost.html | guides-smartphones/holographic-display-phones.html | guides-smartphones/ai-chips-future.html | gaids/Ustanovka LED-paneli s pomoshch'yu trosov (podvesnoy variant).html | gaids/Kak zakrepit' LED-panel' na stene.html | guides-smartphones/eco-phones-2025.html,smartphones.html | guides-smartphones/5g-phones-2025.html | guides-smartphones/rare-smartphones-world.html | guides-large-appliances/electronic-board-alternative-compatibility-guide.html | guides-smartphones/physical-keyboard-phones.html | guides-smartphones/holographic-display-phones.html | guides-smartphones/eco-phones-2025.html | guides-auto-electronics/start-stop-check.html | guides-smartphones/ai-chips-future.html | guides-smartphones/phone-drone-remote.html
смартфоны ноутбуки,3,guides-cameras/шаблоооон.html | index.html | guides-smartphones/transparent-display-phones.html | guides-smartphones/5g-phones-2025.html | laptops.html | gaids/Podklyucheniye LED paneli k elektroseti skhema i bezopasnost.html | guides-smartphones/holographic-display-phones.html | guides-smartphones/ai-chips-future.html | gaids/Ustanovka LED-paneli s pomoshch'yu trosov (podvesnoy variant).html | gaids/Kak zakrepit' LED-panel' na stene.html,laptops.html | smartphones.html | guides-smartphones/5g-phones-2025.html | guides-smartphones/modular-camera-phones.html | gaids/Ispol'zovaniye proyektora s noutbukom.html | guides-smartphones/flexible-phones-2025.html | guides-smartphones/holographic-display-phones.html | guides-smartphones/mobile-game-development.html | guides-smartphones/sim-card-not-detected.html | guides-smartphones/phone-drone-remote.html
контакты фотоаппараты,0,guides-cameras/шаблоооон.html | guides-smartphones/restore-deleted-contacts.html | guides-smartphones/charging-port-contacts-repair.html | guides-auto-electronics/sensor-contacts-cleaning.html | index.html | gaids/Pochemu-LED-panel-migaet-pri-vklyuchenii.html | gaids/Podklyucheniye LED paneli k elektroseti skhema i bezopasnost.html | guides-auto-electronics/trunk-organizer-light-off-check.html | gaids/Ustanovka LED-paneli s pomoshch'yu trosov (podvesnoy variant).html | gaids/Kak zakrepit' LED-panel' na stene.html,cameras.html | guides-cameras/Kak zamenit' displey fotoapparata.html | guides-cameras/Kak snimat' zvezdy na fotoapparat.html | guides-cameras/Kak snimat timelaps na fotoapparat.html | guides-cameras/Kak otremontirovat' shtorku zatvora v fotoapparate.html | guides-cameras/Kak zamenit displey fotoapparata.html | guides-cameras/Kak snimat' sport na fotoapparat.html | guides-cameras/Kak izmenit yazyk menyu v fotoapparate.html | guides-cameras/Kak pravilno khranit fotoapparat.html | guides-cameras/Kak podklyuchit fotoapparat k teleskopu.html
контакты техника,1,guides-cameras/шаблоооон.html | guides-smartphones/restore-deleted-contacts.html | index.html | guides-smartphones/charging-port-contacts-repair.html | guides-auto-electronics/sensor-contacts-cleaning.html | gaids/Pochemu-LED-panel-migaet-pri-vklyuchenii.html | gaids/Podklyucheniye LED paneli k elektroseti skhema i bezopasnost.html | guides-auto-electronics/trunk-organizer-light-off-check.html | gaids/Ustanovka LED-paneli s pomoshch'yu trosov (podvesnoy variant).html | gaids/Kak zakrepit' LED-panel' na stene.html,small-appliances.html | large-appliances.html | guides-cameras/hdr-processing.html | gaids/Zvuk ostalsya ot izobrazheniya Syaomi Q2.html | auto-electronics.html | guides-auto-electronics/sensor-contacts-cleaning.html | guides-large-appliances/oven-thermal-fuse-replacement.html | guides-large-appliances/fridge-evaporator-flush-without-disassembly.html | guides-large-appliances/induction-stove-sparks-at-turn-on.html | guides-large-appliances/refrigerator-door-seal-alternative-options.html
контакты главная,1,guides-cameras/шаблоооон.html | guides-smartphones/restore-deleted-contacts.html | guides-smartphones/charging-port-contacts-repair.html | guides-auto-electronics/sensor-contacts-cleaning.html | gaids/Pochemu-LED-panel-migaet-pri-vklyuchenii.html | gaids/Podklyucheniye LED paneli k elektroseti skhema i bezopasnost.html | guides-auto-electronics/trunk-organizer-light-off-check.html | gaids/Ustanovka LED-paneli s pomoshch'yu trosov (podvesnoy variant).html | gaids/Kak zakrepit' LED-panel' na stene.html | guides-auto-electronics/roof-sensor-error-fix.html,guides-auto-electronics/eco-monitoring-settings.html | guides-consoles/budushchee-vr-kibersporta.html | guides-auto-electronics/sensor-contacts-cleaning.html | guides-auto-electronics/trunk-monitoring-modes.html | guides-large-appliances/electronic-board-alternative-compatibility-guide.html | gaids/Ne rabotayet golosovoye upravleniye.html | gaids/Zvuk ostalsya ot izobrazheniya Syaomi Q2.html | guides-smartphones/faceid-not-working.html | guides-large-appliances/washing-machine-frost-protection-tips.html | guides-auto-electronics/headlight-monitoring-modes.html
контакты ноутбуки,1,guides-cameras/шаблоооон.html | guides-smartphones/restore-deleted-contacts.html | index.html | guides-smartphones/charging-port-contacts-repair.html | guides-auto-electronics/sensor-contacts-cleaning.html | laptops.html | gaids/Pochemu-LED-panel-migaet-pri-vklyuchenii.html | gaids/Podklyucheniye LED paneli k elektroseti skhema i bezopasnost.html | guides-auto-electronics/trunk-organizer-light-off-check.html | gaids/Ustanovka LED-paneli s pomoshch'yu trosov (podvesnoy variant).html,laptops.html | gaids/Ispol'zovaniye proyektora s noutbukom.html | guides-large-appliances/temporary-dishwasher-drain-setup.html | guides-cameras/Kak zarabatyvat na fotografii.html | auto-electronics.html | guides-large-appliances/bosch-dryer-humidity-sensor-cleaning.html | guides-large-appliances/ceiling-range-hood-motor-replacement.html | guides-large-appliances/dishwasher-water-consumption-reduction-tips.html | guides-large-appliances/microwave-burnt-smell-removal.html | smartphones.html
контакты используйте,1,"guides-smartphones/restore-deleted-contacts.html | guides-auto-electronics/sensor-contacts-cleaning.html | gaids/Dym ot sigarety ili kukhni osedayet na ekrane i vnutri televizora.html | gaids/Osedaniye bol'shogo kolichestva pyli na platakh.html | guides-smartphones/charging-port-contacts-repair.html | gaids/Na ekrane popali bryzgi ot napitkov (chay, kofe, gazirovka).html | gaids/Nastroyka proyektora dlya domashnego kinoteatra.html | guides-cameras/шаблоооон.html | gaids/Ne rabotayet AirPlay ili Miracast.html | gaids/Povredili nozhku ili krepleniye na stene.html","gaids/Kak khranit' proyektor, yesli ne ispol'zuyetsya.html | gaids/Optimal'nyye usloviya ekspluatatsii proyektora.html | guides-consoles/kakie-monitory-ispolzuyut-kibersportsmeny.html | guides-large-appliances/ceiling-range-hood-motor-replacement.html | guides-large-appliances/kitchen-hood-filter-replacement.html | guides-large-appliances/fridge-repair-after-flood.html | guides-auto-electronics/sensor-contacts-cleaning.html | gaids/Kak-ispolzovat-LED-panel-dlya-fotosemki.html | guides-large-appliances/dishwasher-water-consumption-reduction-tips.html | guides-cameras/histogram.html"
фотоаппараты техника,1,guides-cameras/шаблоооон.html | index.html | gaids/Podklyucheniye LED paneli k elektroseti skhema i bezopasnost.html | gaids/Ustanovka LED-paneli s pomoshch'yu trosov (podvesnoy variant).html | gaids/Kak zakrepit' LED-panel' na stene.html | guides-cameras/hdr-processing.html | gaids/Kak-utilizirovat-staryj-televizor.html | gaids/Kak rasshifrovat' markirovku LED-paneli.html | gaids/Kak-ustranit-effekt-mertvyh-pikselej-na-LED-paneli.html | gaids/Pochemu-LED-panel-treschit-pri-rabote.html,guides-cameras/Kakoy fotoapparat luchshe dlya novichka.html | guides-cameras/Pochemu fotoapparat ne snimaet v RAW.html | cameras.html | guides-cameras/Pochemu fotoapparat ne vidit ob'ektiv.html | guides-large-appliances/electronic-board-alternative-compatibility-guide.html | guides-cameras/Pochemu fotoapparat pishet Oshibka ob'ektiva.html | guides-cameras/Kak podklyuchit fotoapparat k teleskopu.html | guides-cameras/hdr-processing.html | guides-cameras/Kak vybrat fotoapparat dlya videobloginga.html | guides-cameras/Pochemu fotoapparat ne vklyuchaetsya posle padeniya.html
фотоаппараты главная,0,guides-cameras/шаблоооон.html | gaids/Podklyucheniye LED paneli k elektroseti skhema i bezopasnost.html | gaids/Ustanovka LED-paneli s pomoshch'yu trosov (podvesnoy variant).html | gaids/Kak zakrepit' LED-panel' na stene.html | index.html | guides-cameras/hdr-processing.html | gaids/Kak-utilizirovat-staryj-televizor.html | gaids/Problemy s energosberegayushchim rezhimom.html | gaids/Kak-ustranit-effekt-mertvyh-pikselej-na-LED-paneli.html | gaids/Pochemu-LED-panel-treschit-pri-rabote.html,guides-cameras/Pochemu fotoapparat bystro razryazhaetsya.html | cameras.html | guides-cameras/Pochemu fotoapparat peregrevayetsya.html | guides-cameras/Chto delat esli fotoapparat zavisayet.html | guides-cameras/Chto delat esli fotoapparat ne vklyuchaetsya.html | guides-cameras/Pochemu fotoapparat ne fokusiruyetsya.html | guides-cameras/Kak nastroit' fotoapparat dlya.html | guides-cameras/Pochemu fotoapparat delayet razmytye foto.html | guides-large-appliances/electronic-board-alternative-compatibility-guide.html | guides-cameras/Kakoy fotoapparat luchshe dlya novichka.html
фотоаппараты ноутбуки,0,guides-cameras/шаблоооон.html | index.html | gaids/Podklyucheniye LED paneli k elektroseti skhema i bezopasnost.html | gaids/Ustanovka LED-paneli s pomoshch'yu trosov (podvesnoy variant).html | gaids/Kak zakrepit' LED-panel' na stene.html | laptops.html | guides-cameras/hdr-processing.html | gaids/Kak-utilizirovat-staryj-televizor.html | gaids/Problemy s energosberegayushchim rezhimom.html | gaids/Kak-ustranit-effekt-mertvyh-pikselej-na-LED-paneli.html,guides-cameras/Pochemu fotoapparat ne fokusiruyetsya.html | cameras.html | guides-cameras/Pochemu fotoapparat ne vidit ob'ektiv.html | guides-cameras/Pochemu fotoapparat medlenno fokusiruyetsya.html | guides-cameras/Pochemu fotoapparat ne zapisyvaet zvuk v video.html | guides-cameras/Chto delat esli fotoapparat ne raspoznaet obektiv.html | guides-cameras/Pochemu fotoapparat ne fokusiruetsya cherez steklo.html | guides-cameras/Chto delat esli fotoapparat ne vidit kartu pamyati.html | guides-cameras/Kakoy fotoapparat luchshe dlya novichka.html | guides-smartphones/hardware-security-keys.html
фотоаппараты используйте,0,"gaids/Dym ot sigarety ili kukhni osedayet na ekrane i vnutri televizora.html | gaids/Osedaniye bol'shogo kolichestva pyli na platakh.html | gaids/Na ekrane popali bryzgi ot napitkov (chay, kofe, gazirovka).html | guides-cameras/шаблоооон.html | gaids/Nastroyka proyektora dlya domashnego kinoteatra.html | guides-cameras/macro-lenses.html | gaids/Povredili nozhku ili krepleniye na stene.html | gaids/Ne rabotayet AirPlay ili Miracast.html | gaids/Oshibki pri vosproizvedenii video s USB.html | gaids/Kak nastroit' proyektor dlya 3D-meppinga.html","cameras.html | guides-cameras/Pochemu fotoapparat vyklyuchaetsya sam po sebe.html | guides-cameras/Chto delat esli fotoapparat ne raspoznaet obektiv.html | guides-cameras/Pochemu fotoapparat ne vidit ob'ektiv.html | gaids/Kak khranit' proyektor, yesli ne ispol'zuyetsya.html | gaids/Optimal'nyye usloviya ekspluatatsii proyektora.html | guides-cameras/Chto delat esli fotoapparat zavisayet.html | guides-cameras/Pochemu fotoapparat ne vklyuchaetsya posle padeniya.html | guides-large-appliances/ceiling-range-hood-motor-replacement.html | guides-cameras/Kak nastroit fotoapparat dlya semki v IR-spektre.html"
фотоаппараты телевизоры,0,guides-cameras/шаблоооон.html | index.html | gaids/Podklyucheniye LED paneli k elektroseti skhema i bezopasnost.html | gaids/Ustanovka LED-paneli s pomoshch'yu trosov (podvesnoy variant).html | gaids/Kak zakrepit' LED-panel' na stene.html | gaids/Kak-utilizirovat-staryj-televizor.html | gaids/Televizor potreblyayet slishkom mnogo energii.html | gaids/Kak-ustranit-effekt-mertvyh-pikselej-na-LED-paneli.html | gaids/Pochemu-LED-panel-treschit-pri-rabote.html | gaids/Kak-ustranit-zasvety-po-krayam-LED-paneli.html,"guides-cameras/Pochemu fotoapparat medlenno fokusiruyetsya.html | guides-cameras/Pochemu fotoapparat peregrevayetsya.html | gaids/Osedaniye bol'shogo kolichestva pyli na platakh.html | gaids/Kondensat v televizore iz-za rezkogo perepada temperatury.html | gaids/Kondensat v televizore iz-za povyshennoy vlazhnosti v pomeshchenii.html | tv.html | guides-cameras/Kakoy fotoapparat luchshe dlya novichka.html | gaids/Popali myachom, igrushkoy ili drugim predmetom.html | guides-cameras/Pochemu fotoapparat peregrevayetsya pri zapisi video.html | guides-cameras/Pochemu fotoapparat ne vidit ob'ektiv.html"
техника главная,0,guides-cameras/шаблоооон.html | index.html | gaids/Podklyucheniye LED paneli k elektroseti skhema i bezopasnost.html | gaids/Ustanovka LED-paneli s pomoshch'yu trosov (podvesnoy variant).html | gaids/Kak zakrepit' LED-panel' na stene.html | guides-cameras/hdr-processing.html | gaids/Kak-utilizirovat-staryj-televizor.html | gaids/Kak rasshifrovat' markirovku LED-paneli.html | gaids/Kak-ustranit-effekt-mertvyh-pikselej-na-LED-paneli.html | gaids/Pochemu-LED-panel-treschit-pri-rabote.html,guides-large-appliances/refrigerator-bubbling-noise.html | gaids/Ne rabotayet knopka vklyucheniya na televizore.html | guides-large-appliances/fridge-repair-after-flood.html | guides-large-appliances/garage-refrigerator-performance-issue.html | guides-auto-electronics/rear-view-camera-connection.html | guides-auto-electronics/tracker-features.html | guides-large-appliances/refrigerant-pressure-check-without-manometer.html | gaids/Zamena i kalibrovka linz.html | guides-large-appliances/washing-machine-pressure-sensor-replacement.html | guides-large-appliances/temporary-dishwasher-drain-setup.html
техника ноутбуки,1,guides-cameras/шаблоооон.html | index.html | laptops.html | gaids/Podklyucheniye LED paneli k elektroseti skhema i bezopasnost.html | gaids/Ustanovka LED-paneli s pomoshch'yu trosov (podvesnoy variant).html | gaids/Kak zakrepit' LED-panel' na stene.html | guides-cameras/hdr-processing.html | gaids/Kak-utilizirovat-staryj-televizor.html | gaids/Kak rasshifrovat' markirovku LED-paneli.html | gaids/Kak-ustranit-effekt-mertvyh-pikselej-na-LED-paneli.html,"laptops.html | gaids/Ispol'zovaniye proyektora s noutbukom.html | gaids/Tsvetnyye pyatna na proyektsii.html | guides-large-appliances/refrigerator-not-cooling-after-defrost.html | guides-large-appliances/refrigerator-loud-hum-issue.html | guides-large-appliances/refrigerator-bubbling-noise.html | gaids/Haier Smart TV S8000Net izobrazheniya, no yest' zvuk.html | gaids/Mertsaniye ekrana pri nizkoy yarkosti.html | guides-cameras/Fototekhnika dlya vulkanologov.html | guides-large-appliances/refrigerator-lights-but-not-cooling.html"
техника используйте,0,"gaids/Dym ot sigarety ili kukhni osedayet na ekrane i vnutri televizora.html | gaids/Osedaniye bol'shogo kolichestva pyli na platakh.html | gaids/Na ekrane popali bryzgi ot napitkov (chay, kofe, gazirovka).html | guides-cameras/шаблоооон.html | gaids/Nastroyka proyektora dlya domashnego kinoteatra.html | gaids/Povredili nozhku ili krepleniye na stene.html | gaids/Ne rabotayet AirPlay ili Miracast.html | gaids/Oshibki pri vosproizvedenii video s USB.html | gaids/Kak nastroit' proyektor dlya 3D-meppinga.html | gaids/Zasoreniye ventilyatsionnykh otverstiy pyl'yu.html","gaids/Kak khranit' proyektor, yesli ne ispol'zuyetsya.html | gaids/Optimal'nyye usloviya ekspluatatsii proyektora.html | guides-large-appliances/fridge-overcooling-issue.html | guides-large-appliances/ceiling-range-hood-motor-replacement.html | guides-large-appliances/fridge-repair-after-flood.html | guides-large-appliances/kitchen-hood-filter-replacement.html | guides-cameras/live-view.html | guides-large-appliances/coffee-machine-filter-replacement.html | guides-consoles/kakie-monitory-ispolzuyut-kibersportsmeny.html | gaids/Ustanovka LED-paneli s pul'tom DU.html"
техника телевизоры,0,guides-cameras/шаблоооон.html | index.html | gaids/Podklyucheniye LED paneli k elektroseti skhema i bezopasnost.html | gaids/Ustanovka LED-paneli s pomoshch'yu trosov (podvesnoy variant).html | gaids/Kak zakrepit' LED-panel' na stene.html | gaids/Kak-utilizirovat-staryj-televizor.html | gaids/Televizor potreblyayet slishkom mnogo energii.html | gaids/Kak-ustranit-effekt-mertvyh-pikselej-na-LED-paneli.html | laptops.html | gaids/Pochemu-LED-panel-treschit-pri-rabote.html,"gaids/Uronili televizor pri perenoske ili ustanovke.html | gaids/Kak vosstanovit' proshivku  televizora(cherez USB).html | gaids/Bityye pikseli na ekrane.html | tv.html | gaids/Otkaz vstroyennogo kulera (yesli yest' aktivnoye okhlazhdeniye).html | gaids/Kondensat v televizore iz-za rezkogo perepada temperatury.html | gaids/Osedaniye bol'shogo kolichestva pyli na platakh.html | gaids/Popali myachom, igrushkoy ili drugim predmetom.html | gaids/Razbili matritsu udarom.html | gaids/Ekran televizora migayet.html"
техника приставки,3,gaids/Nesovmestimost' razresheniya TV pristavki kak vystavit' 720p 1080p.html | gaids/Nesovmestimost' pristavki s chastotoy 5 GGts.html | gaids/Net signala na televizore ot TV-pristavki Android TV Box.html | gaids/Sleteli nastroyki kanalov TV-pristavki.html | guides-cameras/шаблоооон.html | index.html | gaids/Neispravnost' HDMI-kabelya TV-pristavki MAG.html | gaids/Plokhoy kontaktnyy kabel' TV-pristavki Android TV Box.html | gaids/Pristavka zavisayet ili perezagruzhayetsya iz-za peregreva.html | gaids/TV-pristavka ne podklyuchayetsya k Wi-Fi.html,"consoles.html | gaids/Sleteli nastroyki kanalov TV-pristavki.html | gaids/Nesovmestimost' razresheniya TV pristavki kak vystavit' 720p 1080p.html | guides-large-appliances/convection-fan-cleaning-instruction.html | gaids/Remont IK-priyemnika (ne reagiruyet na pul't).html | guides-large-appliances/appliance-sensor-compatibility-check-methods.html | gaids/Mertsaniye ekrana pri nizkoy yarkosti.html | guides-large-appliances/range-hood-light-flicker-issue.html | gaids/Televizor izdayet strannyye zvuki (zhuzhzheniye, uchenyye) Hayer S8000.html | gaids/Net signala na televizore ot TV-pristavki Android TV Box.html"
